date,spread,vix
2018-01-04,-0.006663184393064215,18.05
2018-01-05,0.002503899922255764,16.77
2018-01-09,0.00021934153758610707,17.13
2018-01-10,0.0006577360961509232,17.5
2018-01-11,-0.010664652461118288,18.39
2018-01-12,0.003935359150240694,16.27
2018-01-15,-0.005842275624228291,17.8
2018-01-16,0.003721758837412413,18.35
2018-01-17,0.003928237567449879,18.41
2018-01-18,-0.00401669009061576,18.46
2018-01-19,0.003443864059838563,17.7
2018-01-22,-0.003974743562662468,18.78
2018-01-23,-0.002569898175424222,18.72
2018-01-24,-0.0031549271875367917,18.89
2018-01-25,-0.004371104194326037,18.11
2018-01-26,0.006194177688873298,19.54
2018-01-29,0.0007993250569910953,18.86
2018-01-30,0.0011534538344641064,18.74
2018-01-31,-0.0031529657312304696,19.34
2018-02-01,-0.005128102027465681,19.75
2018-02-02,0.011203104636574458,18.83
2018-02-05,0.011341279415507444,19.51
2018-02-06,-0.005962314900950702,24.57
2018-02-07,0.013191996667605618,22.48
2018-02-08,0.014004925863532679,22.82
2018-02-09,-0.0003851997736430764,24.34
2018-02-12,-0.00980821766405445,25.24
2018-02-13,-0.0034644067215518787,23.03
2018-02-14,-0.01609270342263839,23.52
2018-02-15,-0.005614391087782058,23.31
2018-02-16,8.866034228704903e-05,21.64
2018-02-19,0.0011075915449015813,22.25
2018-02-20,0.0018579965530868762,22.09
2018-02-21,0.0034414329134118903,21.38
2018-02-22,-0.0042815275840041266,22.46
2018-02-26,-0.014480415196557886,21.42
2018-02-27,0.01018047728151619,21.65
2018-02-28,0.00102124645334355,22.91
2018-03-01,0.008660740804037786,21.54
2018-03-02,-0.00013199868020488673,23.91
2018-03-05,-0.0069766697961220914,22.7
2018-03-06,0.004421264607677539,21.53
2018-03-07,0.00211528370781322,22.71
2018-03-09,-0.0022917594869706756,21.59
2018-03-12,0.003875291092615008,22.85
2018-03-13,0.0024582979895404855,22.23
2018-03-14,0.001796001096036397,25.79
2018-03-15,0.005890968970581149,26.09
2018-03-16,0.0005219660840561507,24.02
2018-03-19,0.006069558215309763,23.44
2018-03-20,-0.0053740269753072625,21.81
2018-03-21,-0.01136276538021664,20.35
2018-03-22,0.0063965168807901315,22.25
2018-03-23,0.0007857860447107729,21.57
2018-03-26,-0.0022279994363128006,21.81
2018-03-27,0.006104226497413521,22.79
2018-03-28,0.003644730029434548,22.02
2018-03-29,-0.008088407290182875,21.72
2018-03-30,-0.00196674087127721,21.73
2018-04-02,0.005888656304457713,21.29
2018-04-03,0.001521045033699267,21.98
2018-04-04,-0.0021736303823900465,21.36
2018-04-05,0.0046025004175469135,21.86
2018-04-06,0.00802524046548033,21.4
2018-04-09,0.041828793072079616,44.66
2018-04-10,0.038207303227910897,43.96
2018-04-11,-0.006886284551735811,40.75
2018-04-12,-0.009632439222782039,37.24
2018-04-13,0.0009674299367882079,38.26
2018-04-16,-0.014365381151736512,37.88
2018-04-17,0.006396566860933739,32.08
2018-04-18,-0.011559877926277079,31.44
2018-04-19,0.0006981949890380214,32.73
2018-04-20,0.008299820730522581,31.85
2018-04-23,0.006574432186689607,31.23
2018-04-24,-0.0029977741712646135,30.45
2018-04-25,0.012017727409150594,29.33
2018-04-26,0.005676155464479969,27.91
2018-04-27,-0.009049110798473604,26.88
2018-04-28,0.001848503640681773,28.71
2018-04-30,0.01113895138303475,28.28
2018-05-02,0.01657681427432139,26.91
2018-05-03,-0.01566406146773341,25.78
2018-05-04,-0.008284919531456986,26.96
2018-05-07,0.006816169887670673,27.14
2018-05-08,0.004637069125831694,26.81
2018-05-10,-0.024253800223053366,18.22
2018-05-11,0.0035587226169941544,21.57
2018-05-14,-0.0012926161114725756,19.49
2018-05-15,0.007530186386612108,22.68
2018-05-16,-0.009472248819304604,21.0
2018-05-17,0.007343776699899899,21.53
2018-05-18,0.0011651969094588546,21.84
2018-05-21,-0.010617139475689239,21.86
2018-05-22,-0.006351295676495589,22.95
2018-05-23,0.0019585447749137694,21.19
2018-05-24,0.004392750901581871,22.27
2018-05-25,0.011098893068048765,23.27
2018-05-28,0.000521637954969899,23.98
2018-05-29,0.007911496893888351,25.68
2018-05-30,-0.011850567062150758,24.41
2018-05-31,0.005302068976186601,24.36
2018-06-01,-0.0034109866736235514,23.91
2018-06-04,-0.0021730390844847364,23.73
2018-06-05,0.001489443344411455,23.84
2018-06-06,-0.006173481789340797,23.17
2018-06-07,0.010468348607560603,24.64
2018-06-08,-0.0017237582188092601,26.59
2018-06-09,0.0034445502075520747,26.34
2018-06-11,0.00466722031169171,26.15
2018-06-13,-0.0045072970745045115,23.83
2018-06-14,0.0015179965364516526,14.68
2018-06-15,0.009020346871067545,18.76
2018-06-18,0.004026851079035445,20.37
2018-06-19,0.006636454036444098,22.63
2018-06-20,-0.0029004841405941735,24.39
2018-06-21,0.00039244928096812454,23.89
2018-06-22,-0.012953344373406823,25.36
2018-06-25,-0.0017902970706516392,24.95
2018-06-26,0.0038947668659822464,24.72
2018-06-27,0.0032077329843554483,23.8
2018-06-28,-0.006823798596368821,23.42
2018-06-29,-0.00047782114471249325,22.87
2018-07-02,0.01045968331636544,22.73
2018-07-03,-0.00450326654767227,23.55
2018-07-04,0.0015033432431378014,22.25
2018-07-05,-0.001978553136446277,23.42
2018-07-06,-0.002260336047122612,22.97
2018-07-09,-0.007771595219955333,21.03
2018-07-10,-0.012075496918039982,21.86
2018-07-11,0.010032922565096672,21.7
2018-07-12,-0.0016451001804278099,21.98
2018-07-13,0.0048872428326798625,20.87
2018-07-16,-0.0036832454162965163,22.15
2018-07-17,0.004322427285293734,22.88
2018-07-18,0.00577403296571607,23.6
2018-07-19,0.01105638113895424,21.67
2018-07-20,-0.0023195937352990205,23.08
2018-07-23,-0.007070517082398313,24.01
2018-07-24,0.004074614494713339,24.13
2018-07-25,-0.008006701777238497,24.88
2018-07-26,0.0021466913431633337,24.45
2018-07-27,-0.0025049216891042435,23.88
2018-07-30,-0.008957551796258484,23.83
2018-07-31,0.004248843974076048,22.9
2018-08-01,0.008642201182812611,23.28
2018-08-02,0.0056939655616731095,24.72
2018-08-03,-0.0010651518848348168,23.94
2018-08-06,0.006334738187162187,24.04
2018-08-07,-0.0039298958068318506,24.21
2018-08-08,0.0318926574747226,25.84
2018-08-09,0.01667997596763656,26.55
2018-08-10,0.01592651064021681,28.73
2018-08-13,0.001180637681415404,28.64
2018-08-14,-0.02176916142744346,23.51
2018-08-15,0.014218603681320358,31.61
2018-08-16,-0.006672531419656679,26.63
2018-08-17,0.0028011745892962945,28.72
2018-08-20,0.001155530834009825,27.18
2018-08-21,0.0024928854090933697,26.61
2018-08-22,0.011160087743999738,27.6
2018-08-23,0.0023491421755920446,28.96
2018-08-24,-0.01611388255492543,25.93
2018-08-27,0.006239806310065689,25.15
2018-08-28,0.005170260427965544,25.42
2018-08-29,0.001030852016770659,26.11
2018-08-30,0.00436930437543811,26.13
2018-08-31,-0.010126202701668084,25.95
2018-09-03,0.008402791388279866,25.06
2018-09-04,-0.00014681054126059807,26.25
2018-09-05,0.002053388811842228,26.97
2018-09-06,0.014617910561992721,29.46
2018-09-07,0.009449115520644468,29.2
2018-09-10,0.009289810718264046,30.82
2018-09-11,-0.016503321514477934,31.48
2018-09-12,-0.0054535411539855545,28.04
2018-09-13,-0.011399974132437674,26.7
2018-09-14,-0.0028979679495337828,26.15
2018-09-17,0.0001469345776438072,26.79
2018-09-18,-0.0101894779038449,26.98
2018-09-19,-0.008084841266355681,25.01
2018-09-20,-0.00856568465122887,24.58
2018-09-21,0.0022612506808724385,24.79
2018-09-24,-0.008696035744315312,25.92
2018-09-25,0.0008730144222276222,25.93
2018-09-26,-0.0014047878992631013,27.24
2018-09-27,-0.0027012133832208574,25.54
2018-09-28,-0.0013342738765417352,24.68
2018-10-01,-0.008197081175871753,25.33
2018-10-02,0.007662872745569097,26.17
2018-10-03,0.00551909289419785,26.43
2018-10-04,0.017384543780190696,28.55
2018-10-05,-0.006286740011339879,28.02
2018-10-08,-0.0006008035928536147,29.59
2018-10-09,-0.004630770845069715,29.58
2018-10-10,0.009763502267851217,30.49
2018-10-11,-0.009461661034047454,30.72
2018-10-12,-0.0023038439044767885,27.29
2018-10-15,-0.007095861446853297,27.95
2018-10-16,-0.005230716544083875,25.89
2018-10-17,0.0029050897691393278,26.52
2018-10-18,0.004911769541333081,27.32
2018-10-19,-0.005026284285231599,26.03
2018-10-22,-0.0036714130271593634,28.99
2018-10-23,0.004014917925481953,30.19
2018-10-24,0.0026296247931867816,27.82
2018-10-25,-0.0014092287758096674,29.1
2018-10-26,0.0019419330234055137,31.41
2018-10-29,0.0019761350202225397,29.78
2018-10-30,-0.004413674313661011,30.13
2018-10-31,0.004793252985897404,27.3
2018-11-01,-0.0023557136924590365,26.57
2018-11-02,0.007314933411293163,26.09
2018-11-06,-0.0013982052348738075,27.21
2018-11-07,0.003171489481552777,26.9
2018-11-08,0.008744824816704716,28.7
2018-11-09,0.01634489624097255,25.98
2018-11-12,-0.0023555402868005245,27.08
2018-11-13,0.004191953187660675,30.17
2018-11-14,-0.01642656247641239,27.81
2018-11-15,-0.016890577787372515,26.27
2018-11-16,0.0012511612786435958,25.57
2018-11-19,-0.006538455590726667,25.83
2018-11-20,0.009338412015304096,27.1
2018-11-21,-0.007661710151566247,25.6
2018-11-22,-0.0006093845404908627,25.25
2018-11-23,0.008686635940504823,26.52
2018-11-26,0.013654137634263258,28.63
2018-11-27,7.451009615253837e-05,29.81
2018-11-28,-0.002275059256346697,28.41
2018-11-29,-0.01118924301077487,27.5
2018-11-30,0.011114563200426881,26.48
2018-12-03,-0.006330676122337188,28.3
2018-12-04,0.004387040913765948,27.54
2018-12-05,-0.00374841131599822,28.69
2018-12-06,0.004459023781619219,28.39
2018-12-07,-0.007091296951940576,27.48
2018-12-10,0.0037207597186285184,26.7
2018-12-11,-0.0043610731174056495,27.18
2018-12-12,0.0004520284854907085,26.94
2018-12-13,-0.0022244433927797068,25.32
2018-12-14,0.007895074657409538,25.92
2018-12-17,0.00029953572187412436,25.89
2018-12-18,0.007496538603902702,26.61
2018-12-19,0.0026346565140928533,28.41
2018-12-20,0.012265121250467496,27.44
2018-12-21,0.007985020459367225,25.77
2018-12-24,-0.0037475711963760507,25.16
2018-12-25,0.0012022078352825467,28.02
2018-12-26,0.0004368083936661859,27.49
2018-12-27,0.012513273110170801,27.31
2018-12-28,-0.000611170050121938,27.59
2018-12-29,0.004306175240657202,27.58
2019-01-03,-0.017009239496910702,27.86
2019-01-04,-0.013198607790081317,27.93
2019-01-08,-0.012702120642075841,25.96
2019-01-09,-0.002095338639853948,25.81
2019-01-10,0.002469044687029705,24.72
2019-01-11,-0.0005232275785548715,24.99
2019-01-14,0.002986191095517252,25.0
2019-01-15,-0.0017159701304680626,25.57
2019-01-16,-0.008887947353741751,24.8
2019-01-17,3.766833035559337e-05,24.65
2019-01-18,-0.001432394982744326,21.42
2019-01-21,0.0017336905559785574,21.6
2019-01-22,0.0021816822646377786,22.75
2019-01-23,-0.006975501013804272,22.96
2019-01-24,-0.004474789416004845,22.72
2019-01-25,0.0033769074605289277,22.51
2019-01-28,0.003931654845324229,22.4
2019-01-29,-0.0031743659034156307,23.41
2019-01-30,-0.008285555362700368,23.66
2019-01-31,-0.0016042171424808323,21.87
2019-02-01,0.0016042171424809056,21.73
2019-02-04,0.0012967697000102615,22.39
2019-02-05,0.0004572822273115266,20.73
2019-02-06,0.003802575119646103,21.82
2019-02-07,0.0005691411813436509,22.68
2019-02-08,-0.0014804413659174184,22.77
2019-02-11,0.0006076257212621949,23.42
2019-02-12,0.0005313698079257138,21.98
2019-02-13,0.009516688138653438,22.81
2019-02-14,0.0019525389201124515,26.12
2019-02-15,-0.005190127864164621,22.62
2019-02-18,-0.0003017046334545489,23.21
2019-02-19,-0.007838425501436548,22.83
2019-02-20,-0.0019787669609669842,24.26
2019-02-21,-0.0009527258204307377,23.76
2019-02-22,-0.002710701287585283,23.9
2019-02-25,0.0014898862420194769,24.0
2019-02-26,0.0032014662606026367,23.53
2019-02-27,0.0013689256073417405,23.58
2019-02-28,0.0017464600665224627,23.4
2019-03-01,0.0005309264791560056,22.73
2019-03-04,-0.00303766940751171,23.21
2019-03-05,0.00015210282180067294,23.09
2019-03-06,0.0034919947425614667,23.04
2019-03-07,0.004574244815451269,22.97
2019-03-11,-0.004725817381107197,23.04
2019-03-12,-0.005091002979408659,22.41
2019-03-13,-0.0035868317922177293,21.72
2019-03-14,0.0017187056651316857,21.54
2019-03-15,-0.010703906076278514,19.72
2019-03-18,-0.006967050940408511,22.48
2019-03-19,0.0003883344384945518,22.3
2019-03-20,-0.008147716749864822,22.17
2019-03-21,3.914277327039837e-05,20.49
2019-03-22,0.012293004723789108,22.68
2019-03-25,-0.00893244511549973,22.19
2019-03-26,0.004903305928520715,21.77
2019-03-27,0.006731947890539526,22.98
2019-03-28,0.0016181856738522937,22.86
2019-03-29,0.01068341228927797,22.99
2019-04-01,-0.00710957814631583,23.94
2019-04-02,0.0019161498926366328,24.14
2019-04-03,-0.0008809729574855009,23.07
2019-04-04,0.003595612640962525,23.3
2019-04-05,-0.002063984220851371,21.95
2019-04-08,-0.007103529783878314,21.02
2019-04-09,0.000654866257344679,19.64
2019-04-10,-0.00971275895237844,20.64
2019-04-11,0.004926213876062084,18.84
2019-04-12,-0.004032263527938451,19.72
2019-04-15,-0.0013995803544231322,19.75
2019-04-16,-0.002649008171576953,20.33
2019-04-17,-0.0038300746394911212,20.92
2019-04-18,0.0007437127263237818,20.37
2019-04-19,0.002462044739775125,19.86
2019-04-22,-0.003597407492645783,19.8
2019-04-23,-0.0020783098671538296,20.35
2019-04-24,0.009921181291623992,20.55
2019-04-25,0.005155949473247279,19.18
2019-04-26,0.0012365717627956742,19.14
2019-04-29,-0.0042959216172829915,19.91
2019-04-30,0.002556555467456845,19.41
2019-05-02,0.012532841269971158,20.68
2019-05-03,-0.005516621277138202,18.21
2019-05-06,0.0023022917962755374,18.92
2019-05-07,0.002755771637220232,20.91
2019-05-08,-0.0051348978553546155,20.58
2019-05-10,3.841794887032494e-05,24.81
2019-05-13,0.005440418001018449,24.98
2019-05-14,-0.007055243989207921,17.82
2019-05-15,-0.004937519674573057,19.37
2019-05-16,0.0,20.14
2019-05-17,0.0019702156225466913,19.49
2019-05-20,-0.0039055752357357015,20.11
2019-05-21,-0.0017838450458783355,20.27
2019-05-22,-0.00031055900870716375,19.44
2019-05-23,0.0071956672425442176,21.81
2019-05-24,-0.005915232495870175,21.02
2019-05-27,-0.0002326844034387465,20.43
2019-05-28,0.003986922001073883,22.06
2019-05-29,0.003932610998038061,21.7
2019-05-30,0.003073615451849497,20.54
2019-05-31,0.003981628537358542,20.31
2019-06-03,-0.0013764627087233478,23.17
2019-06-04,-0.002681891190241007,24.12
2019-06-05,0.003523287958432448,23.91
2019-06-06,-0.004751695022692031,22.94
2019-06-07,-0.004311347043085087,23.08
2019-06-10,-0.0003858471321552577,22.76
2019-06-11,-0.0034406141991761914,22.52
2019-06-13,0.00034846578612210763,21.04
2019-06-14,-0.003101739459467092,21.44
2019-06-17,-0.0009324009999512452,21.71
2019-06-18,-0.004675090328993903,21.12
2019-06-19,-0.0036774815514636,22.31
2019-06-20,-0.014130884434841324,22.16
2019-06-21,0.0021443045185715903,21.52
2019-06-24,-0.006766194967930656,21.73
2019-06-25,0.0037469649610549515,22.19
2019-06-26,0.003772615319775614,21.64
2019-06-27,0.0,21.51
2019-06-28,0.002652153954387834,21.84
2019-07-01,-0.004437408232123451,20.49
2019-07-02,0.005701630903663674,21.32
2019-07-03,0.0,20.6
2019-07-04,0.002523660645396822,20.88
2019-07-05,0.005067478877803859,20.27
2019-07-08,-0.0016863079742619122,19.74
2019-07-09,0.0034480090582348446,19.62
2019-07-10,-0.011566280246045868,20.02
2019-07-11,-0.005793896917558032,18.31
2019-07-12,0.0025836212873096612,18.06
2019-07-15,-0.004894655507106734,18.6
2019-07-16,0.005965892888605572,19.12
2019-07-17,-0.001746309381721458,19.76
2019-07-18,-0.0020279546485298104,19.8
2019-07-19,0.003932868312899342,19.13
2019-07-22,0.000634165697036146,19.79
2019-07-23,0.0010296622825674,19.75
2019-07-24,0.0021746445119880746,19.76
2019-07-25,-0.0009483542813748659,20.19
2019-07-26,0.002053632094918013,19.87
2019-07-29,0.0010252366828629523,20.32
2019-07-30,0.0011816607645661465,20.43
2019-07-31,0.0018484657102852409,20.5
2019-08-01,0.011408156230654299,20.8
2019-08-02,0.014156183248300182,23.68
2019-08-05,0.003937238701764207,23.91
2019-08-06,-0.003937238701764181,24.32
2019-08-07,0.0009188010293783283,22.4
2019-08-08,-0.004410277325497282,23.83
2019-08-09,0.003644668437661833,22.71
2019-08-12,0.001874701649006218,21.59
2019-08-13,-0.007288941619794853,23.59
2019-08-14,0.01657222241076886,25.0
2019-08-15,0.0006435859314689378,25.18
2019-08-16,0.006977079462093411,22.95
2019-08-19,0.0055468248055897534,22.91
2019-08-20,-0.004870565246436175,21.36
2019-08-21,-0.012319242826006507,20.92
2019-08-22,-0.0022839751078306166,20.78
2019-08-23,0.0058517475187494054,21.09
2019-08-26,0.001287342573001534,21.34
2019-08-27,0.005622125930365764,23.03
2019-08-28,0.0053661685704400825,22.17
2019-08-29,-0.0031486644200689876,21.05
2019-08-30,0.002998952615013753,20.37
2019-09-02,0.0,21.38
2019-09-03,-0.00048671821848562865,20.64
2019-09-04,-0.008046366167853702,19.73
2019-09-05,-0.00011326097227764237,19.82
2019-09-06,-0.007351581103442798,20.05
2019-09-09,-0.0027422320657761274,19.82
2019-09-10,-0.0019851880994709017,20.15
2019-09-11,0.0012221205309683153,20.64
2019-09-12,-0.012288941134351352,21.15
2019-09-13,-0.005618536527981918,20.24
2019-09-16,-0.00455670369577359,20.18
2019-09-17,0.004906360841082916,20.59
2019-09-18,-0.0032682310625369183,20.29
2019-09-19,-0.0022628857535725803,20.22
2019-09-20,7.811584583927787e-05,20.71
2019-09-23,-0.002737691881597913,20.62
2019-09-24,0.002347051617245062,21.12
2019-09-25,0.002497464811744248,20.62
2019-09-26,0.0010128161046534594,20.52
2019-09-27,0.0075635990780064,19.89
2019-09-30,0.002585626139012441,19.54
2019-10-01,0.006147717817777517,20.07
2019-10-02,-0.0010731259653176154,21.23
2019-10-03,-0.0010358918227631696,22.48
2019-10-04,-0.00790030507551769,21.28
2019-10-07,0.005555998550399188,20.52
2019-10-08,0.0034568884050535293,21.55
2019-10-09,-0.004804467779259816,20.54
2019-10-10,-0.006648909260019871,18.16
2019-10-11,-0.003925002610090312,18.44
2019-10-14,0.001400778439165086,18.78
2019-10-15,-0.00031111457044908183,18.14
2019-10-16,-0.0031164809018184073,19.72
2019-10-17,0.0006240736609442679,19.25
2019-10-18,-0.005552311429119441,18.9
2019-10-21,-0.00047062515575685583,19.42
2019-10-22,7.845290868179702e-05,17.65
2019-10-23,0.0033676657899670685,18.12
2019-10-24,0.001874707626078329,19.05
2019-10-25,-0.0034004996710749235,17.81
2019-10-28,-0.0016065519413196417,20.38
2019-10-29,0.0031323439863162024,19.51
2019-10-30,-0.0017998987525376076,19.19
2019-10-31,0.004610643888457258,19.52
2019-11-01,-0.009242644319401411,20.82
2019-11-05,-0.0007478401545077688,21.33
2019-11-06,0.005967120127809382,20.02
2019-11-07,-0.005534091875791279,19.73
2019-11-08,0.004398373411863886,20.43
2019-11-11,0.001409664263507664,21.19
2019-11-12,0.005307536655449363,21.43
2019-11-13,0.0018665427724344206,20.84
2019-11-14,-0.005766399520763632,20.46
2019-11-15,-0.0033268783498372045,20.8
2019-11-18,0.0008621365844767088,21.18
2019-11-19,-3.9171905914085204e-05,21.3
2019-11-20,0.0010962337641544665,21.3
2019-11-21,-0.0026643695724042015,21.31
2019-11-22,0.0023512825316499876,20.39
2019-11-25,0.0010953760581975506,20.86
2019-11-26,0.0001563843931563159,20.22
2019-11-27,0.00015635994090177125,19.79
2019-11-28,0.0017183476851766705,19.35
2019-11-29,0.0038555203051903434,18.94
2019-12-02,-0.0022180291989163073,19.19
2019-12-03,-0.0004675810559006266,20.67
2019-12-04,-0.003044617676451735,19.7
2019-12-05,-0.0035638096032394534,19.52
2019-12-06,0.0005098939138930204,19.96
2019-12-09,-0.0025913870561888783,21.01
2019-12-10,-0.001534436592454192,20.65
2019-12-11,-0.003510505528069344,20.27
2019-12-12,-0.006779686985378804,19.92
2019-12-13,0.0008748211151213437,19.99
2019-12-16,-0.00722024797348702,19.1
2019-12-17,-0.00048053821203417524,20.19
2019-12-18,0.003997446960471391,19.69
2019-12-19,-0.004157677693068543,19.81
2019-12-20,-0.002446705189446841,18.24
2019-12-23,0.0002007749921415388,19.28
2019-12-24,-0.004789416113876748,20.0
2019-12-25,-0.0018979552207381257,20.26
2019-12-26,0.005884029389097617,20.06
2019-12-27,-0.00293768697556045,21.29
2019-12-30,-0.0007660209619240092,22.65
2020-01-03,0.0018535686493228347,22.69
2020-01-06,-0.004519052235462895,22.77
2020-01-08,-0.00930390443867338,22.96
2020-01-09,0.0007344540888336199,22.42
2020-01-10,-0.0038004990473985757,19.65
2020-01-13,0.0034741416015125334,19.87
2020-01-14,0.0028113368283161325,19.84
2020-01-15,-0.0004476549062446194,19.83
2020-01-16,0.003981155729540761,17.49
2020-01-17,-0.0017448824602783217,17.67
2020-01-20,-0.00012184967826450968,18.92
2020-01-21,0.005428191243157182,18.09
2020-01-22,-0.0006465952942997502,17.93
2020-01-23,0.0010101215024837826,19.53
2020-01-24,0.00266182855290642,19.08
2020-01-27,0.014395642075089862,21.23
2020-01-28,-0.010817389186872377,19.38
2020-01-29,0.003965318715916425,20.19
2020-01-30,0.01144686584780758,22.24
2020-01-31,0.010300857742482208,21.38
2020-02-03,-0.002977125357805824,22.18
2020-02-04,-0.009776944551585348,22.89
2020-02-05,-0.0037309033156241434,22.45
2020-02-06,0.007684727855901897,24.01
2020-02-07,0.012080473240062034,23.44
2020-02-10,7.796966983796827e-05,24.15
2020-02-11,-0.011882259759261864,22.95
2020-02-12,-0.0025279469954082646,22.54
2020-02-13,0.006622279710031502,22.63
2020-02-14,-0.001100672307354272,21.9
2020-02-17,-0.0014957099537236183,22.24
2020-02-18,0.005381954025200551,22.63
2020-02-19,-0.003689606572072175,22.28
2020-02-20,0.009782899387732254,22.02
2020-02-21,-0.001987955984169133,21.51
2020-02-25,0.020277619646719248,26.41
2020-02-26,0.0012991480945344002,27.41
2020-02-27,0.008289966478164462,31.27
2020-02-28,0.01298059876384264,39.76
2020-03-02,-0.006525675722847156,40.46
2020-03-03,-0.006076292920232604,37.45
2020-03-04,0.003325777819822418,37.86
2020-03-05,0.02031740040799004,38.69
2020-03-06,0.013987782444814393,45.96
2020-03-10,0.040406289620984526,60.21
2020-03-11,0.021476405623255874,65.56
2020-03-12,0.025711835896842675,94.41
2020-03-13,-0.0305556248895021,87.1
2020-03-16,0.027913527066517854,96.65
2020-03-17,0.010526763651812756,95.78
2020-03-18,0.04568760457307119,98.20322596145068
2020-03-19,-0.02181404664339062,98.20322596145068
2020-03-20,0.010153648052157436,89.14
2020-03-23,-0.004168435666160492,95.58
2020-03-24,-0.01672195032246173,79.2
2020-03-25,-0.0003833131076129011,76.82
2020-03-26,-0.01005033585350145,72.91
2020-03-27,0.017308278200096384,82.45
2020-03-30,0.006323531884737568,76.8
2020-03-31,-0.012017203133894747,70.13
2020-04-01,0.005312984739896514,72.18
2020-04-02,-0.019739169479741952,68.8
2020-04-03,-0.009854218967208889,68.52
2020-04-06,-0.0061962332495432565,64.84
2020-04-07,-0.00633414627679179,59.34
2020-04-08,-0.0075409376533259916,57.71
2020-04-09,-0.009010427907271452,59.13
2020-04-10,-0.007429956503784232,57.01
2020-04-13,-0.0019001091493146397,56.04
2020-04-14,-0.008287198933281507,53.34
2020-04-15,0.024491296180858976,61.99
2020-04-16,-0.00889491473425073,58.74
2020-04-17,-0.0021601196464816276,54.13
2020-04-20,0.02086473978128904,57.74
2020-04-21,0.020049154827416992,66.81
2020-04-22,-0.015394221610611485,54.29
2020-04-23,-0.015032886923730029,48.75
2020-04-24,-0.0030137651314616548,49.57
2020-04-27,-0.0006709608410598994,47.95
2020-04-28,-0.004743091896012849,47.08
2020-04-29,-0.015392499075295281,42.36
2020-04-30,0.01879231721166609,44.67
2020-05-04,0.0060305730875384565,46.08
2020-05-05,-0.014738313147269881,39.94
2020-05-06,0.011191379530745407,43.56
2020-05-07,-0.006456842448633552,41.64
2020-05-08,-0.009491596681571172,40.3
2020-05-12,0.004214539580727355,40.78
2020-05-13,0.0031154783072884543,41.01
2020-05-14,-0.006240693161560914,41.93
2020-05-15,0.0013599893297033855,38.36
2020-05-18,-0.012341404098543542,36.12
2020-05-19,-0.0029281589036050607,35.5
2020-05-20,-0.01915700673308791,34.96
2020-05-21,-0.0017246541768508388,35.46
2020-05-22,0.009431551427970062,34.92
2020-05-25,0.00013957708166999783,36.11
2020-05-26,-0.012216679356863555,35.47
2020-05-27,0.003244237276685078,37.27
2020-05-28,-0.007420790971113621,35.93
2020-05-29,-0.00487103414633852,35.47
2020-06-01,-0.014684762580749995,36.03
2020-06-02,-0.005658339362286387,35.31
2020-06-03,-0.0009461771512686419,34.7
2020-06-04,0.0070746027649568576,36.23
2020-06-05,-0.006565011518898541,34.39
2020-06-08,-0.00730463437888722,35.84
2020-06-09,0.005629287080953875,35.38
2020-06-10,-0.001240106662190599,34.92
2020-06-11,0.02451456576358578,35.65
2020-06-15,-0.008907071818366308,37.78
2020-06-16,0.0005747333036541264,37.39
2020-06-17,0.0017580687304516152,38.07
2020-06-18,0.0017549833483114954,35.98
2020-06-19,-0.006101957195967731,33.19
2020-06-22,-0.0060307497299914295,34.32
2020-06-23,-0.0022845548710224567,32.67
2020-06-25,0.002284554871022459,31.49
2020-06-26,0.01123769209846944,31.41
2020-06-29,0.0027183649331215315,33.68
2020-06-30,0.018228334894295768,34.98
2020-07-02,-0.010223596063664901,32.77
2020-07-03,0.011520499450896914,32.16
2020-07-06,0.006389798098770988,31.95
2020-07-07,-0.004954650749868213,32.03
2020-07-08,-0.0050847864364522415,32.82
2020-07-09,-0.002745997148855625,32.33
2020-07-10,-0.0026475120041033902,30.47
2020-07-13,0.0034227877944240604,31.69
2020-07-14,-0.0014805939180228727,34.16
2020-07-15,0.001762363432425738,33.02
2020-07-16,0.00757792006899809,31.52
2020-07-17,0.004776773783597468,31.39
2020-07-20,-0.007541671861376781,30.28
2020-07-21,-0.00883575228277336,31.06
2020-07-22,0.0049731166775269925,31.22
2020-07-23,0.005788372794620631,30.59
2020-07-24,0.0037009923184658554,31.1
2020-07-27,-0.0022678515729716874,29.89
2020-07-28,0.0141162493193677,31.03
2020-07-29,-0.00027555800670385835,29.47
2020-07-30,0.0082338876058932,31.89
2020-07-31,0.016939222022537823,31.3
2020-08-03,-0.01772537214933233,30.79
2020-08-04,0.006102048966976225,30.97
2020-08-05,-0.009287146784417596,29.85
2020-08-06,0.005507582552768051,29.53
2020-08-07,0.006054028421877099,29.39
2020-08-10,-0.00346467737886862,29.62
2020-08-11,-0.004946030242254778,28.81
2020-08-12,0.008207235021398059,28.32
2020-08-13,-0.010500931787087352,26.01
2020-08-14,-0.0009258148688787776,26.33
2020-08-17,0.01173194003224762,31.56
2020-08-18,-0.007828761180239287,30.88
2020-08-19,0.0019458912003358546,29.37
2020-08-20,0.006628506347274572,31.56
2020-08-21,0.013594663910156247,32.61
2020-08-24,-0.0017729611414959354,30.91
2020-08-25,0.008800350138783782,31.62
2020-08-26,0.0006635480154547984,31.65
2020-08-27,-0.005487484046307773,31.65
2020-08-28,-0.012787340088971949,31.58
2020-08-31,0.000844095601734481,33.15
2020-09-01,-0.006738820984301899,32.35
2020-09-02,0.02460061973922841,35.68
2020-09-03,-0.0017253969374314132,36.51
2020-09-04,0.002023721350867532,35.78
2020-09-07,0.004464219315290186,36.37
2020-09-08,0.006708344788936465,36.59
2020-09-09,-0.012598695715853335,35.34
2020-09-10,-0.0009629593478758054,34.29
2020-09-11,-0.002694567589018203,32.58
2020-09-14,0.0029603041791885507,33.23
2020-09-15,-0.0037600909453614335,31.33
2020-09-16,-0.0002667377983272821,30.74
2020-09-17,0.0026641816744068956,29.33
2020-09-18,0.007620220420909556,30.01
2020-09-21,0.005069969707834149,35.95
2020-09-22,-0.00029559077315147414,33.32
2020-09-23,0.012729462310207043,32.67
2020-09-24,0.0007456759249049044,34.77
2020-09-25,0.01374359810070109,38.81
2020-09-28,0.011094447421633347,41.0
2020-09-29,-3.161405561175221e-05,40.95
2020-09-30,-0.018474433829215476,37.79
2020-10-01,-0.0034194684759530007,38.15
2020-10-02,0.010767134408084918,39.15
2020-10-05,-0.0012475410667487318,36.23
2020-10-06,0.004598590207711931,33.34
2020-10-07,-0.00565541885966131,33.28
2020-10-08,-0.008559712450777397,33.3
2020-10-09,-0.007656160674642965,27.56
2020-10-12,0.004386755804017341,30.18
2020-10-13,-0.0007135675434951367,29.78
2020-10-14,0.007628196534684795,27.68
2020-10-15,0.005587144868332716,29.09
2020-10-16,-0.0017626797288870656,27.35
2020-10-19,-0.0035025180003846407,26.96
2020-10-20,-0.004193419260719571,27.9
2020-10-21,-0.007983685673351311,29.06
2020-10-22,-0.0018590093901341717,28.63
2020-10-23,-0.0059918650856045546,28.89
2020-10-26,0.003344155767309013,31.37
2020-10-27,0.012102431535013298,30.94
2020-10-28,0.024531701644767163,35.61
2020-10-29,-0.004490694115773401,38.41
2020-10-30,0.008269988107666682,39.16
2020-11-02,0.012743800653939458,43.14
2020-11-03,-0.015072676608177776,42.3
2020-11-05,-0.030000011161121748,33.83
2020-11-06,0.005310549362938053,33.39
2020-11-09,-0.014705190484403703,31.63
2020-11-10,0.0035333413714743974,31.56
2020-11-11,0.00758060012647353,31.52
2020-11-12,0.003074386331196978,30.63
2020-11-13,0.0002261602839873446,30.37
2020-11-16,-0.01598887836224076,30.27
2020-11-17,0.0007875049626043908,29.73
2020-11-18,-0.0021013929456004878,28.74
2020-11-19,-0.00013148379481180491,30.29
2020-11-20,0.0019704439872987385,29.49
2020-11-23,-0.0003281378208278852,30.29
2020-11-24,-0.009165604371423131,29.01
2020-11-25,0.001092407874661881,30.05
2020-11-26,0.0020161630336074806,30.21
2020-11-27,0.0018143736318179857,29.98
2020-11-30,0.007061132512831488,29.99
2020-12-01,-0.007127052090970308,30.45
2020-12-02,-0.010303733877387124,29.16
2020-12-03,-0.008293252454892867,29.37
2020-12-04,-0.005387218416210267,29.48
2020-12-07,-0.005552184348930677,29.74
2020-12-08,-0.0018349252489475857,30.67
2020-12-09,0.004817978308487527,31.24
2020-12-10,-0.011061494948172641,32.62
2020-12-11,-0.0014041819523858,31.11
2020-12-14,0.012601059016787774,31.32
2020-12-15,-0.006485040977403949,30.32
2020-12-16,-0.0006133297180135541,31.0
2020-12-17,-0.0070461366907472855,29.99
2020-12-18,0.007046136690747192,31.28
2020-12-21,0.019609464135202544,36.1
2020-12-22,0.014730543048245328,36.21
2020-12-23,-0.0109942163103687,33.91
2020-12-24,-0.015909045051772115,33.08
2020-12-25,0.0037145890819307624,32.23
2020-12-28,-0.005407610852255903,31.45
2020-12-29,0.0036195767068727086,32.05
2020-12-30,0.005085812818038419,33.28
2021-01-04,-0.0011428956839199006,31.56
2021-01-05,-0.0039091510319052706,32.32
2021-01-06,-0.0015882405974427774,32.22
2021-01-08,0.003140250086071738,32.5
2021-01-11,0.006786976292511863,34.09
2021-01-12,-0.015114997613311691,32.93
2021-01-13,0.0028176204671579125,31.94
2021-01-14,-0.007315072681732752,30.99
2021-01-15,0.005924228282955068,31.26
2021-01-18,0.004741271412304936,32.83
2021-01-19,-0.0042661314067598075,32.5
2021-01-20,-0.0021739138996199076,30.91
2021-01-21,0.0044108238308420014,31.48
2021-01-22,0.019511832927574274,31.57
2021-01-25,0.0008960128032385744,31.99
2021-01-26,-0.003755342476842574,31.76
2021-01-27,0.010136900662297206,32.88
2021-01-28,0.0014162675489516913,33.08
2021-01-29,-0.0026695245316942996,34.46
2021-02-01,0.005167800049551551,34.75
2021-02-02,0.0010172440129681832,33.24
2021-02-03,-0.003910555253775508,33.12
2021-02-04,-0.005580058392790555,32.77
2021-02-05,-0.01145533672219899,30.07
2021-02-08,-0.004632590781840018,30.78
2021-02-09,-0.005567285573225572,31.1
2021-02-10,0.0007779074682442991,30.84
2021-02-11,-0.004608615408755851,29.94
2021-02-12,0.0015272619167806503,29.45
2021-02-15,-0.005338605263242338,30.1
2021-02-16,0.0042867415013622635,30.48
2021-02-17,0.0009501188363202567,31.64
2021-02-18,0.002709661595597912,32.1
2021-02-19,0.0029047205210942294,30.53
2021-02-20,-0.0006072669799656055,31.27
2021-02-22,0.00296536138578943,32.66
2021-02-24,-0.010281475850587415,32.69
2021-02-25,0.016319736397669683,31.86
2021-02-26,-0.001606641127499776,33.84
2021-03-01,-0.006250230367720243,32.63
2021-03-02,-0.004798116993614756,31.97
2021-03-03,0.0021653818178152583,30.83
2021-03-04,0.009820486538995287,31.28
2021-03-05,-0.006682249810651972,32.06
2021-03-09,-0.0038820579750664715,31.48
2021-03-10,-0.00423679180379703,30.38
2021-03-11,-0.004118383656650466,30.38
2021-03-12,0.0004091932131024129,29.88
2021-03-15,-0.007185167942840237,29.77
2021-03-16,0.000617898478345785,29.13
2021-03-17,0.010785823723663414,32.27
2021-03-18,0.008956242168280728,32.23
2021-03-19,-0.002526657567334912,32.41
2021-03-22,0.011069852399718236,33.12
2021-03-23,0.01916400418772703,33.95
2021-03-24,0.002451502363627754,33.3
2021-03-25,-0.004810612238870109,34.21
2021-03-26,-0.007309155774491873,30.18
2021-03-29,0.0003303928400887587,31.25
2021-03-30,0.0022437810509182907,31.06
2021-03-31,-0.0021116544734651695,30.14
2021-04-01,0.007469719985090425,30.27
2021-04-02,0.0038610086574595933,30.19
2021-04-05,-0.0021249824103576668,32.42
2021-04-06,0.011389274132389974,33.13
2021-04-07,-0.0036954238300581682,32.89
2021-04-08,-0.0016251181787046124,31.82
2021-04-09,0.007001649348945153,31.75
2021-04-12,-0.0001292156611177885,32.14
2021-04-13,-0.018849408561066733,29.89
2021-04-14,-0.0009222054536727314,28.81
2021-04-15,0.005979189270957984,29.07
2021-04-16,-0.006671401906756388,27.32
2021-04-19,0.006998894950456182,29.8
2021-04-20,0.006267157214902093,30.62
2021-04-21,-0.0029981121329979714,30.5
2021-04-22,-0.015557733171910573,27.38
2021-04-23,-0.0058179322668690265,27.59
2021-04-26,-0.0001333777927953713,28.16
2021-04-27,-0.0010676632536949988,27.98
2021-04-28,-0.006396431781767296,27.62
2021-04-29,0.002985627605694762,26.29
2021-04-30,0.007674634753108446,27.55
2021-05-04,-0.004898295393871367,27.1
2021-05-05,0.0002337970318427079,26.34
2021-05-06,-0.008451321346827263,25.75
2021-05-07,-0.006012922214042831,26.17
2021-05-10,0.007628213990751276,27.25
2021-05-11,-0.0032331969428965298,27.35
2021-05-12,0.006992095180028503,26.99
2021-05-13,-0.007430728675041014,26.5
2021-05-14,-0.0008778446103605131,26.73
2021-05-17,-0.002875266251467818,26.92
2021-05-18,-0.0013559324111358441,26.48
2021-05-19,0.0012204218749844952,27.37
2021-05-20,-0.0035297348621444766,27.36
2021-05-21,0.0009175715584903978,26.45
2021-05-24,-0.001427697570674977,26.13
2021-05-25,0.00010204602284468036,25.65
2021-05-26,0.00013604516720534837,25.99
2021-05-27,-0.000612349058086674,25.41
2021-05-28,-0.004296974861776276,25.12
2021-05-31,0.003820443997385728,25.49
2021-06-01,0.0010548703657882656,25.17
2021-06-02,-0.004738618306642549,25.46
2021-06-03,0.0010928962836450477,25.01
2021-06-04,-0.006094448281020661,25.0
2021-06-07,0.00020603688133041413,24.45
2021-06-08,-0.007029179241900827,23.2
2021-06-09,6.915390203670197e-05,22.61
2021-06-10,-0.007426721624775151,23.48
2021-06-11,0.005003485073600639,24.72
2021-06-14,-0.00038132876200890596,24.72
2021-06-15,0.001074281461070216,23.84
2021-06-16,0.005285260243467657,25.09
2021-06-17,-0.0033129753875980133,22.96
2021-06-18,0.00726724857070164,22.42
2021-06-21,0.00387033175403292,23.76
2021-06-22,-0.00352721972459014,22.61
2021-06-23,-0.0036774223904572478,21.15
2021-06-24,-0.004174939213443717,21.01
2021-06-25,-0.00141861172866132,20.93
2021-06-28,-0.0011779380519454825,20.23
2021-06-29,0.008869620363772871,21.64
2021-06-30,0.005140694689130144,20.79
2021-07-01,0.003616887281418247,20.52
2021-07-02,-0.0021822158141600783,20.77
2021-07-05,0.0029993205852111684,21.02
2021-07-06,0.01301727508284793,21.43
2021-07-07,0.003889098676003448,22.61
2021-07-08,0.0003345600566501758,23.44
2021-07-09,-0.0050638113537794915,21.61
2021-07-12,0.001075268920806807,20.98
2021-07-13,-0.0019497770657392547,21.7
2021-07-14,-0.002965561248681726,21.79
2021-07-15,0.003907307584932175,21.96
2021-07-16,-0.003941057732592319,21.5
2021-07-19,0.0077661806732305305,23.77
2021-07-20,-0.003757889269990546,22.78
2021-07-21,-0.004784859349753423,21.48
2021-07-22,-0.004264976170164463,21.91
2021-07-23,0.0008137800530474868,22.58
2021-07-26,-0.0014924363396990848,23.14
2021-07-27,0.0011195360184126496,22.55
2021-07-28,-0.0034644420222819865,22.76
2021-07-29,-0.004432933672669007,21.27
2021-07-30,0.00010252029056378042,21.44
2021-08-02,-0.001402021191581453,21.56
2021-08-03,-0.001609616950549241,22.11
2021-08-04,0.0031483155154044813,21.62
2021-08-05,-0.001367615092812249,21.98
2021-08-06,0.005731456737653424,20.81
2021-08-09,0.0023784456185378926,21.86
2021-08-10,0.0034218182558700167,21.94
2021-08-11,-0.007502623755757497,22.29
2021-08-12,0.0030961357091081865,21.27
2021-08-13,-0.005211094709987068,20.52
2021-08-16,0.0003755612123558095,21.15
2021-08-17,0.0045297490732659675,20.83
2021-08-18,0.003392363657679365,21.69
2021-08-19,0.005134452571482453,23.37
2021-08-20,0.0008082985755993051,23.63
2021-08-23,-0.0018533188126224791,23.14
2021-08-24,-0.0053093579347523795,22.94
2021-08-25,0.0027427427673850685,22.99
2021-08-26,0.004015866360511191,22.83
2021-08-27,-0.009474894921324703,22.39
2021-08-30,-0.00040807998933988925,22.47
2021-08-31,-0.003850942786200562,23.04
2021-09-01,-0.003249032424288862,22.53
2021-09-02,-0.0015083993261107366,23.31
2021-09-03,-0.0020262039660486953,23.8
2021-09-06,0.0036716177473985786,23.42
2021-09-07,0.003862922502933659,23.82
2021-09-08,-0.0017074174343318605,23.52
2021-09-09,-0.002361033791964239,23.37
2021-09-10,0.0027369158377711735,23.15
2021-09-13,-0.007131621805290287,22.53
2021-09-14,0.0033664282419532746,23.83
2021-09-15,-0.008610351112202657,24.21
2021-09-16,0.0031082739582192404,22.27
2021-09-17,0.004850287281677641,21.49
2021-09-20,0.007827627942376979,25.65
2021-09-21,-0.004641329743427788,25.79
2021-09-22,-0.0015404894955463493,23.91
2021-09-23,-0.0017830817740738065,23.5
2021-09-24,-0.0016487483554936374,23.59
2021-09-27,-0.0026505583408211585,24.09
2021-09-28,0.003647002149968197,24.87
2021-09-29,0.0006179833341179572,25.19
2021-09-30,-0.001442555633981916,24.76
2021-10-01,-6.874505897589605e-05,25.5
2021-10-04,-0.003029470782947952,25.75
2021-10-05,-0.001932634505464973,24.69
2021-10-06,0.00027631942701365764,27.96
2021-10-07,-0.009577420699475342,27.4
2021-10-08,0.002437751511939885,27.18
2021-10-11,-0.00013914011431940556,27.6
2021-10-12,-0.0008352474906129419,28.44
2021-10-13,0.00229525400713081,27.01
2021-10-14,-0.008722101137174351,25.85
2021-10-15,-0.004495336642286743,25.71
2021-10-18,0.003689068742405504,25.88
2021-10-19,-0.00612074515339501,25.7
2021-10-20,-0.0007059405185341197,26.74
2021-10-21,0.004122700037609781,26.56
2021-10-22,-0.010711926088940307,24.94
2021-10-25,-0.008961305261090216,25.27
2021-10-26,-0.002981056351488219,24.78
2021-10-27,0.016269223236125663,25.04
2021-10-28,-0.006248023449678148,25.26
2021-10-29,0.010661950353234041,25.87
2021-11-01,0.008490385354017574,26.43
2021-11-02,-0.0008038445168540603,26.69
2021-11-03,0.0031766560146788267,26.33
2021-11-05,-0.006644078013167689,25.54
2021-11-08,-0.0007370619641192194,25.81
2021-11-09,-0.006304724756721575,25.65
2021-11-10,0.00767312201591551,26.27
2021-11-11,0.004617653206109583,26.01
2021-11-12,0.017403175921914604,28.62
2021-11-15,-0.005330594687645333,29.35
2021-11-16,0.008652117422230762,30.14
2021-11-17,-0.00865211742223062,29.51
2021-11-18,0.007557576336079433,29.13
2021-11-19,0.005392688586669647,28.51
2021-11-22,0.01854840213662193,33.18
2021-11-23,-0.00737812723879492,32.49
2021-11-24,0.009647669632093034,33.34
2021-11-25,-0.004142452639776042,30.8
2021-11-26,0.012310099891110619,35.53
2021-11-29,-0.013381911354917462,35.67
2021-11-30,-0.00719742117569969,35.51
2021-12-01,0.0028649934489887803,32.85
2021-12-02,-0.008619723118127101,33.25
2021-12-03,0.0026106577067927326,34.47
2021-12-06,0.006446518097708014,35.63
2021-12-07,-0.003369956683911251,37.31
2021-12-08,-0.006400401131086803,36.94
2021-12-09,0.001324076310846462,35.35
2021-12-10,-0.004250044647669687,34.23
2021-12-13,0.001702186017316464,37.25
2021-12-14,0.004107339571553635,35.8
2021-12-15,-0.0012202564052293744,34.17
2021-12-16,0.0005764177492819267,33.41
2021-12-17,0.005105415718149014,32.55
2021-12-20,0.0002023267584038934,35.04
2021-12-21,-0.0025996402155558434,33.65
2021-12-22,-0.002877602405478053,32.69
2021-12-23,-0.005984783913392671,31.59
2021-12-24,0.004763534016033486,32.49
2021-12-27,-0.002957525994440242,33.34
2021-12-28,0.0038736032125579255,32.4
2021-12-29,0.003723516589666053,31.74
2021-12-30,0.009248581957098633,32.82
2022-01-03,-0.0018428861453886765,30.85
2022-01-04,0.010940371287390647,30.42
2022-01-05,0.01889483633810262,32.25
2022-01-06,-0.0063023703635287755,37.37
2022-01-07,-0.007463825400619206,32.54
2022-01-10,-0.009950330853168092,34.54
2022-01-11,-0.0073603544062924185,33.43
2022-01-12,0.003452729575275318,31.83
2022-01-13,0.020535282600873093,36.88
2022-01-14,-0.0006230836281404539,42.78
2022-01-17,-0.0015429822007115553,49.68
2022-01-18,0.01068620159164787,59.09
2022-01-19,-0.009569763569333629,56.67
2022-01-20,0.0066073771719086785,53.85
2022-01-21,0.009636205187728909,55.18
2022-01-24,0.017127269408907384,68.34
2022-01-25,-0.0016518952897048853,65.67
2022-01-26,0.009933647012113288,62.97
2022-01-27,-0.01852287235122221,54.24
2022-01-28,-0.002054443455014111,54.73
2022-01-31,-0.0062534452569521426,49.58
2022-02-01,-0.00661824372628478,48.46
2022-02-02,-0.010010224580880474,46.8
2022-02-03,0.0053447131083121215,49.19
2022-02-04,-0.008110238015696452,48.5
2022-02-07,-0.004692517119941749,49.98
2022-02-08,-0.006213367056258717,46.27
2022-02-09,-0.0035726844793059127,42.4
2022-02-10,0.0036060139242071678,42.1
2022-02-11,0.02835694595439308,45.04
2022-02-14,-0.005294712796438733,61.6
2022-02-15,-0.019037547454525044,53.02
2022-02-16,-0.0007969980164850126,47.87
2022-02-17,0.013594428517234669,60.22
2022-02-18,0.013250401407652348,67.13
2022-02-21,0.03157889088388436,92.08
2022-02-22,-0.01235984961342723,78.78
2022-02-23,0.0295095180937805,87.59
2022-02-24,0.04568760457307119,98.20322596145068
2022-02-25,-0.026747508367028223,98.20322596145068
2022-03-09,0.04568760457307119,98.20322596145068
2022-03-10,-0.012578782206860073,98.20322596145068
2022-03-11,-0.03650204920220132,98.20322596145068
2022-03-24,-0.007574334947249529,98.20322596145068
2022-03-25,-0.010362787035546547,98.20322596145068
2022-03-28,-0.045236967098911444,98.20322596145068
2022-03-29,-0.045236967098911444,98.20322596145068
2022-03-30,-0.008245040819036948,95.11
2022-03-31,-0.016095727517426276,92.94
2022-04-01,0.008974035696386969,97.03
2022-04-04,0.0005954153197636851,95.91
2022-04-05,-0.00821820090438621,95.52
2022-04-06,-0.04432901214275805,98.0
2022-04-07,-0.045236967098911444,91.0
2022-04-08,0.004346973847656346,94.34
2022-04-11,0.038484880738145065,98.20322596145068
2022-04-12,0.0077483143010629845,91.37
2022-04-13,0.0023503982991686352,83.94
2022-04-14,0.012813909662868455,92.1
2022-04-15,-0.011218788517704747,94.07
2022-04-18,-0.00306739105572133,84.16
2022-04-19,-0.01560705232803679,86.15
2022-04-20,-0.027143393982073417,90.99
2022-04-21,-0.02152896524355389,87.75
2022-04-22,0.008852855102568148,82.53
2022-04-25,-0.031299879661837345,77.53
2022-04-26,0.005455178888038228,73.61
2022-04-27,-0.010184292256044985,71.33
2022-04-28,-0.009664578883931305,74.51
2022-04-29,-0.015660275298758495,70.44
2022-05-04,-0.045236967098911444,73.2
2022-05-05,0.0105027221991492,75.2
2022-05-06,0.03523027052773322,74.02
2022-05-11,-0.0322496423895954,76.09
2022-05-12,-0.045236967098911444,77.25
2022-05-13,0.01947732580854232,83.93
2022-05-16,-0.01789879351549249,78.51
2022-05-17,0.0031496089028962013,75.31
2022-05-18,-0.002440081497198639,78.41
2022-05-19,-0.02457243697622304,75.64
2022-05-20,-0.02738887812406486,71.64
2022-05-23,-0.04005615937248313,80.65
2022-05-24,-0.018619588649001196,81.4
2022-05-25,0.043578754543446285,72.6
2022-05-26,0.04568760457307119,69.36
2022-05-27,0.021825661756403533,68.39
2022-05-30,-0.045236967098911444,66.79
2022-05-31,-0.01212136053234485,66.5
2022-06-01,-0.003583649380136292,67.66
2022-06-02,0.006019704178017482,62.9
2022-06-03,-0.011419373683072722,61.98
2022-06-06,0.0011068523482290415,62.38
2022-06-07,0.0004096346116596004,64.45
2022-06-08,-0.027276116518569902,62.45
2022-06-09,-0.0008421053129221128,44.87
2022-06-10,-0.04391579532857151,48.06
2022-06-14,-0.0035273405179682992,58.56
2022-06-15,0.006340281894583166,50.14
2022-06-16,-0.008108628951325053,59.95
2022-06-17,-0.0015941904005106254,54.19
2022-06-20,-0.013923823664682804,49.91
2022-06-21,-0.0339139489334082,51.81
2022-06-22,-0.011690570365836862,51.26
2022-06-23,0.005909129420662985,48.87
2022-06-24,-0.0012164882424708992,47.72
2022-06-27,-0.0002809383358834496,46.87
2022-06-28,-0.030139658364828317,46.1
2022-06-29,0.02737288598389457,55.71
2022-06-30,-0.03415257296927311,60.61
2022-07-01,0.04568760457307119,66.46
2022-07-04,0.013486626871892967,60.68
2022-07-05,0.04568760457307119,62.16
2022-07-06,0.03534504463396672,63.06
2022-07-07,-0.02234729869199655,57.68
2022-07-08,-0.01676608004819041,56.57
2022-07-11,-0.03372043736942006,58.11
2022-07-12,0.0006788866520077374,62.27
2022-07-13,-0.011432596154565797,67.56
2022-07-14,0.0005147122014637177,73.48
2022-07-15,-0.019660270362513464,66.97
2022-07-18,-0.01453706054570661,62.48
2022-07-19,-0.0158779640054193,65.03
2022-07-20,-0.007830042946378771,60.01
2022-07-21,0.029151100377147087,68.53
2022-07-22,0.011278232546910792,61.92
2022-07-25,0.014211677666527684,58.73
2022-07-26,0.04113170391208704,59.26
2022-07-27,-0.011126910447673541,58.96
2022-07-28,0.015576122697790977,59.16
2022-07-29,0.01306781091930328,58.67
2022-08-01,-0.023812603936261414,58.49
2022-08-02,0.0020752923232953955,60.9
2022-08-03,0.004715624043535218,60.09
2022-08-04,-0.0038038580555507344,59.24
2022-08-05,0.0038038580555506776,60.1
2022-08-08,0.002884577761484011,59.76
2022-08-09,-0.010049504563409924,56.93
2022-08-10,0.008567046706671065,56.48
2022-08-11,8.241645037015033e-05,54.37
2022-08-12,-0.0010719440317312231,51.26
2022-08-15,0.010178204915756273,51.93
2022-08-16,-0.00532242812238009,50.32
2022-08-17,-0.0024660924951934427,51.8
2022-08-18,-0.020244700304696828,50.27
2022-08-19,-0.007291457503908525,47.43
2022-08-22,0.012944620525208205,47.68
2022-08-23,0.0003340013391104089,44.78
2022-08-24,-4.174406713048097e-05,46.21
2022-08-25,0.004290511236795464,46.07
2022-08-26,0.005885051590759841,46.13
2022-08-29,-0.001695651681123169,48.11
2022-08-30,-0.007603651467155449,50.03
2022-08-31,0.004826505167112612,50.8
2022-09-01,0.0013273604072657076,51.13
2022-09-02,0.004466878136195813,51.68
2022-09-05,0.004775636906741775,52.89
2022-09-06,0.005978478967417717,52.63
2022-09-07,-0.0072936197126195895,51.71
2022-09-08,-0.0009874918511471617,48.25
2022-09-09,-0.00214291683421512,47.16
2022-09-12,-0.005958309583630635,49.23
2022-09-13,-0.00566007837023458,51.37
2022-09-14,-0.00025044872193360275,52.58
2022-09-15,-0.001420395442884091,48.29
2022-09-16,0.007911763110648772,46.31
2022-09-19,-0.001909744425650384,46.06
2022-09-20,0.0072872134336845005,57.48
2022-09-21,0.0014840467724950225,65.26
2022-09-22,-0.030957044114526874,54.86
2022-09-23,-0.015759147655775872,59.36
2022-09-26,0.008167521653067805,72.19
2022-09-27,0.0010697247548824382,73.5
2022-09-28,-0.015819636362009504,73.5
2022-09-29,-0.005751649842964401,74.44
2022-09-30,0.021442979637640126,75.08
2022-10-03,0.006990054887249292,67.84
2022-10-04,0.0015278841780531714,68.06
2022-10-05,0.020525810330403738,65.94
2022-10-06,0.012058787462622251,67.37
2022-10-07,0.0016406221636575734,67.5
2022-10-10,0.027287098345813575,70.66
2022-10-11,0.015354476568069637,70.26
2022-10-12,0.011867722049106057,71.87
2022-10-13,-0.012339086658352013,71.8
2022-10-14,-0.024218302650872967,68.98
2022-10-17,-0.007393524983474556,60.5
2022-10-18,-0.0012172856037516375,61.52
2022-10-19,0.002595087013105268,62.63
2022-10-20,-0.005441195866610167,58.24
2022-10-21,-0.0017931376554563541,52.64
2022-10-24,-0.0017146360600088907,53.0
2022-10-25,0.004931840683826538,49.33
2022-10-26,0.004260073386628449,50.11
2022-10-27,-0.00040494027684336947,50.23
2022-10-28,-0.0033267100338546397,49.22
2022-10-31,-0.0006910709842302028,47.83
2022-11-01,-0.003911507248465174,46.7
2022-11-02,0.009143617498951989,47.02
2022-11-03,0.004842624475787991,48.54
2022-11-07,-0.017872124766121798,44.32
2022-11-08,-0.00012295837874380544,43.93
2022-11-09,0.005192055980029149,45.76
2022-11-10,-0.012803851871000764,41.35
2022-11-11,0.00012389782575156707,43.22
2022-11-14,0.00020646226975370362,43.36
2022-11-15,-0.002480365058331954,42.71
2022-11-16,-0.0008281573972287319,45.47
2022-11-17,0.0029781623600554216,42.74
2022-11-18,-0.002108615090922319,43.05
2022-11-21,0.007381324620862551,41.53
2022-11-22,-0.0027564660655689036,41.36
2022-11-23,0.00028834469748538244,41.11
2022-11-24,-0.00045315043309789157,41.84
2022-11-25,-0.002805861135252748,39.22
2022-11-28,0.01191174850054389,39.8
2022-11-29,-0.003353786374663387,40.01
2022-11-30,-0.000532732314617479,40.26
2022-12-01,0.008164643657013321,40.66
2022-12-02,0.008259825079713144,39.99
2022-12-05,0.005629287080953875,41.53
2022-12-06,0.01171935125365916,40.27
2022-12-07,-0.005324445367811339,40.7
2022-12-08,0.0003585014677205644,34.7
2022-12-09,-0.005471150405961207,29.15
2022-12-12,0.005909144400500271,27.84
2022-12-13,0.0007958615621035752,29.63
2022-12-14,0.018054020271498564,32.05
2022-12-15,0.005570828018587492,32.12
2022-12-16,0.00461232189152395,33.4
2022-12-19,0.04568760457307119,35.15
2022-12-20,0.016911710208144,36.36
2022-12-21,0.03031618455324244,37.75
2022-12-22,-0.02922784778701021,37.34
2022-12-23,0.017966706792454594,38.19
2022-12-26,-0.013047715392475519,40.27
2022-12-27,0.015892667524706784,40.79
2022-12-28,0.0251082689870729,43.05
2022-12-29,-0.00020780660207091252,42.01
2022-12-30,-0.03202807630923414,39.27
2023-01-03,0.01754897468947776,40.35
2023-01-04,0.01205149508681299,40.58
2023-01-05,0.0024968801985873674,44.09
2023-01-06,-0.0007969370321821735,40.62
2023-01-09,-0.0300136874810122,38.48
2023-01-10,-0.0027183649331215163,36.67
2023-01-11,-0.015411851078384421,36.41
2023-01-12,-0.01428700395003647,32.68
2023-01-13,0.015086887645971239,35.66
2023-01-16,-0.005210717421470647,34.88
2023-01-17,0.010466733146360792,35.94
2023-01-18,-0.005837685861623254,35.24
2023-01-19,0.0007633726901539212,36.01
2023-01-20,0.00043595147097492715,34.99
2023-01-23,0.0013792604995876909,34.94
2023-01-24,0.001087547687398919,34.82
2023-01-25,0.004410549068056986,33.89
2023-01-26,-0.0005773255554741087,33.23
2023-01-27,0.002811319206085496,33.37
2023-01-30,0.01351323605334721,32.29
2023-01-31,-0.008343781692385144,32.21
2023-02-01,0.005392196185121712,32.21
2023-02-02,0.0036615102850564595,31.44
2023-02-03,0.0020559363521281625,31.44
2023-02-06,0.004945259106855332,30.68
2023-02-07,0.0028149209298098158,31.54
2023-02-08,0.01606838217765855,30.61
2023-02-09,0.009600734434871215,27.04
2023-02-10,0.0053282454085803194,26.84
2023-02-13,0.005909741073014954,29.69
2023-02-14,-0.0003386960235596235,35.59
2023-02-15,0.010413074933774503,41.41
2023-02-16,0.0037811023615986496,43.08
2023-02-17,-0.007576555738085047,43.86
2023-02-20,0.0028227722217989528,47.57
2023-02-21,0.007322121013213214,45.61
2023-02-22,-0.0006331328624165303,43.21
2023-02-24,0.01495429178181068,42.39
2023-02-27,-0.020268386605579433,42.71
2023-02-28,0.004914014802428941,44.53
2023-03-01,0.002398082684012846,41.29
2023-03-02,0.002226395323763036,42.62
2023-03-03,0.0041735734646061815,39.7
2023-03-06,-0.0024821710217380983,37.77
2023-03-07,0.007625435137362396,36.54
2023-03-09,-0.002337565059341425,32.43
2023-03-10,0.003356480824004425,32.72
2023-03-13,-0.014560151331329664,35.67
2023-03-14,0.004257590252641196,31.42
2023-03-15,0.008790248596616796,36.46
2023-03-16,0.0054467437869065265,33.68
2023-03-17,0.00860164302553665,32.03
2023-03-20,0.0014264412715000983,30.33
2023-03-21,-0.006630720517102746,32.62
2023-03-22,0.005171836466551252,30.97
2023-03-23,-0.013818556132629257,32.1
2023-03-24,0.01404563348588298,31.24
2023-03-27,-0.005138055594770204,31.99
2023-03-28,0.0028649583341546223,32.71
2023-03-29,0.003310509011569854,32.57
2023-03-30,-0.0009725419770024716,32.68
2023-03-31,0.006691366629199542,33.57
2023-04-03,0.0146160753402262,33.6
2023-04-04,0.009857276832727047,34.4
2023-04-05,0.003953442443346016,34.37
2023-04-06,0.01910609573706871,34.83
2023-04-07,-0.0030461093383160344,34.57
2023-04-10,0.005960445322334669,33.35
2023-04-11,0.004309890365667884,32.85
2023-04-12,-0.00018302168858095013,34.77
2023-04-13,-0.006734032181344068,32.17
2023-04-14,0.0047797137383880995,31.69
2023-04-17,-0.0047490016792956875,31.72
2023-04-18,0.0005833499804670498,31.01
2023-04-19,0.005479130314546339,32.16
2023-04-20,-0.004190826096606642,31.18
2023-04-21,0.0017763625999635301,31.01
2023-04-24,-0.004539049687273375,31.44
2023-04-25,0.003528747582264622,30.67
2023-04-26,0.0,30.4
2023-04-27,-0.0034980090899854105,28.52
2023-04-28,-0.01339892866083798,27.47
2023-05-02,-0.007881444437954088,28.93
2023-05-03,-0.005225889431357242,30.97
2023-05-04,-0.014689781179372962,31.54
2023-05-05,-0.008621297689074216,32.52
2023-05-08,0.01038143895476314,31.66
2023-05-10,-0.027620155055005806,30.67
2023-05-11,0.011016243339474227,32.71
2023-05-12,0.013176782822681345,33.42
2023-05-15,0.01569371209089494,33.83
2023-05-16,0.015575613771200267,34.84
2023-05-17,-0.006645579267913197,33.73
2023-05-18,0.004497618226028439,33.62
2023-05-19,-0.0027773894806084726,31.12
2023-05-22,0.0018732443816804189,32.36
2023-05-23,-0.0001871666100232596,32.71
2023-05-24,0.0001559746076499694,31.37
2023-05-25,0.0002495087808846987,31.09
2023-05-26,-0.0013418422696458746,29.81
2023-05-29,0.009571830181325345,31.61
2023-05-30,0.0039511102148472805,30.84
2023-05-31,-0.00058550717378147,30.77
2023-06-01,-0.0042629497400981835,31.96
2023-06-02,0.009152183200096416,30.89
2023-06-05,-0.006740457338778543,32.99
2023-06-06,0.005543422159548573,33.61
2023-06-07,0.007069330008604436,31.21
2023-06-08,0.007504098648880019,29.01
2023-06-09,0.0004539058677179435,33.38
2023-06-13,0.019948545415020235,28.03
2023-06-14,-0.0016027071367646106,28.77
2023-06-15,-0.0049429871658692144,26.43
2023-06-16,0.004616194631655611,25.69
2023-06-19,5.9424768260787926e-05,25.17
2023-06-20,0.007606850253998339,25.58
2023-06-21,-0.009539965103043464,23.0
2023-06-22,0.0008331845985772184,23.4
2023-06-23,0.007703741803384204,24.93
2023-06-26,0.004564537116061118,26.64
2023-06-27,-0.00032324894858240673,27.79
2023-06-28,0.015312448283415778,29.69
2023-06-29,0.013769135425229881,30.8
2023-06-30,0.02235865497258785,31.89
2023-07-03,-0.009537239191186896,33.47
2023-07-04,0.005396909883796792,33.65
2023-07-05,0.02020270731751947,34.85
2023-07-06,0.014157549034669325,33.76
2023-07-07,-0.011414063088918503,32.11
2023-07-10,-0.009192809625657904,26.93
2023-07-11,-0.000359518249423549,27.91
2023-07-12,0.005406760571379633,27.64
2023-07-13,-0.008398535428202136,25.89
2023-07-14,-0.0005827748572713469,28.19
2023-07-17,0.010383391643424467,27.91
2023-07-18,-0.0010995053334167764,28.47
2023-07-19,0.005458124604997208,28.18
2023-07-20,-0.012856159782021,26.97
2023-07-21,0.007618032977933046,25.22
2023-07-24,-0.0046025243506140345,26.22
2023-07-25,-0.004124402065410151,26.19
2023-07-26,0.00027733866001335015,25.95
2023-07-27,0.004896207620900877,25.82
2023-07-28,0.012177545509261301,24.11
2023-07-31,-0.001145600474425745,23.98
2023-08-01,0.007910551900468306,23.9
2023-08-02,0.01962634716748472,26.98
2023-08-03,0.008749841043882094,25.48
2023-08-04,0.007316242366124994,29.53
2023-08-07,-0.004294099602104333,31.71
2023-08-08,0.018973928537355165,29.99
2023-08-09,0.001029336169114281,28.67
2023-08-10,0.002645674070606568,27.74
2023-08-11,0.02003749345498239,26.64
2023-08-14,-0.017936221669119682,28.24
2023-08-15,-0.005879273940809084,27.59
2023-08-16,-0.0252940396777409,28.67
2023-08-17,-0.009472707649185364,29.52
2023-08-18,-0.00018663929344543356,25.38
2023-08-21,-0.001067179013826227,25.03
2023-08-22,0.006889882674818868,24.81
2023-08-23,-0.00045077892708958304,26.55
2023-08-24,0.00639790682051211,27.7
2023-08-25,0.0058071714705591965,28.71
2023-08-28,-0.0011272628371215164,27.56
2023-08-29,0.001546385305601234,26.03
2023-08-30,0.007956114016171863,25.47
2023-08-31,-0.0020286620393390738,24.57
2023-09-01,0.0006766780572078645,25.19
2023-09-04,0.008084621149116993,23.94
2023-09-05,0.010627747316996825,24.97
2023-09-06,0.002219077315713526,27.09
2023-09-07,0.0012731070620089196,27.64
2023-09-08,-0.004744180708622524,27.66
2023-09-11,-0.028000688630614265,27.19
2023-09-12,-0.0014734905968200613,27.34
2023-09-13,0.013417753972853783,25.65
2023-09-14,0.011520805235498454,29.6
2023-09-15,-0.0054597096733280896,29.56
2023-09-18,-0.002741073837478117,27.66
2023-09-19,0.003050911175355681,28.75
2023-09-20,-0.0071506600350689595,30.24
2023-09-21,-0.0024992202949291114,32.2
2023-09-22,0.003538721428033956,29.32
2023-09-25,-0.00015585630080641751,30.34
2023-09-26,0.001479655017186074,31.45
2023-09-27,0.0054841433980748425,28.94
2023-09-28,-0.001084094887032577,29.12
2023-09-29,0.01196297061992631,27.78
2023-10-02,0.0181816293892524,30.59
2023-10-03,-0.0015297616806276269,29.17
2023-10-04,-0.00032631750982988145,30.51
2023-10-05,0.008250665600386365,30.38
2023-10-06,0.0,28.78
2023-10-09,-0.010839875327331014,26.35
2023-10-10,0.009793563480797613,26.68
2023-10-11,-0.0009975063171254136,25.42
2023-10-12,-0.028059676990532523,24.82
2023-10-13,-0.0019263622123093464,25.48
2023-10-16,0.0016183935200252413,26.33
2023-10-17,0.0031010160807892263,26.18
2023-10-18,-0.0031780230756291777,26.55
2023-10-19,-0.0034972263580886277,26.02
2023-10-20,-0.01798665738447789,21.61
2023-10-23,-0.009433783632020775,24.37
2023-10-24,-0.010914523363723483,26.24
2023-10-25,-0.0007229593449456117,25.6
2023-10-26,0.006700773900860624,25.56
2023-10-27,0.0017545263293456022,24.88
2023-10-30,-0.013557626139238433,24.96
2023-10-31,0.0058252852539777454,26.45
2023-11-01,-0.007091466271482331,25.3
2023-11-02,0.0065559910244167964,25.86
2023-11-03,-0.009985414489480739,24.33
2023-11-06,-0.0003246489761490424,24.73
2023-11-07,-0.0014351283924273009,25.41
2023-11-08,-0.0026319017783639634,25.76
2023-11-09,0.00021732634352466016,23.13
2023-11-10,0.0027667787410634533,22.0
2023-11-13,-0.007313292977302439,21.3
2023-11-14,-0.01119537540966251,22.25
2023-11-15,-0.012690560885193667,20.51
2023-11-16,-0.003443307854590477,20.21
2023-11-17,0.009489326021115593,19.94
2023-11-20,-0.017937700686667207,20.32
2023-11-21,-0.006041971661560914,21.84
2023-11-22,0.005476200783668466,22.08
2023-11-23,0.0005657708778924635,21.88
2023-11-24,0.002259887967437283,22.26
2023-11-27,0.0023110971082549196,24.5
2023-11-28,0.007125054687498716,24.83
2023-11-29,-0.010000645177946457,25.06
2023-11-30,0.010140393909954293,26.86
2023-12-01,0.010619470419731769,26.55
2023-12-04,0.005735257124880473,27.33
2023-12-05,0.014710763232653482,27.28
2023-12-06,0.005888884896967391,29.23
2023-12-07,-0.007787190551768565,27.14
2023-12-08,-0.002201117751686938,24.88
2023-12-11,-0.013226728050097844,26.04
2023-12-12,-0.007665205292798636,23.99
2023-12-13,0.00016665740830762237,24.03
2023-12-14,-0.001528733533774492,26.52
2023-12-15,0.004440751122310745,23.25
2023-12-18,-0.0024122119469883346,25.1
2023-12-19,0.003131975009924932,25.8
2023-12-20,0.0068670034467467455,26.65
2023-12-21,0.012970350442627405,25.25
2023-12-22,-0.0016291070667920553,24.73
2023-12-25,-0.0027210901143606132,26.28
2023-12-26,-0.0009814078537016687,25.51
2023-12-27,-0.004263932552192042,26.09
2023-12-28,-0.021148991767840637,26.54
2023-12-29,0.011128536838857232,27.7
2024-01-03,0.0179868854492377,27.9
2024-01-04,-0.007281883458295767,28.59
2024-01-05,-0.004196788626613214,24.54
2024-01-08,0.002224023102027209,24.76
2024-01-09,-0.013863795651559327,19.85
2024-01-10,-0.00633275470085136,21.03
2024-01-11,-0.008318393289806696,21.45
2024-01-12,-0.0020338990062280303,23.07
2024-01-15,-0.009204087475367306,24.46
2024-01-16,0.002878273884029634,23.83
2024-01-17,0.012415142285468929,22.64
2024-01-18,0.0011235956238264877,22.04
2024-01-19,-0.009591046722924924,23.07
2024-01-22,-0.004545462371674722,23.73
2024-01-23,0.010198388674462986,23.19
2024-01-24,-0.0010433851742503832,22.44
2024-01-25,0.0032112703652515586,21.72
2024-01-26,0.009460967396066515,22.48
2024-01-29,-0.008533310506345025,22.12
2024-01-30,0.008338278255751336,21.81
2024-01-31,0.0033103862208311964,22.37
2024-02-01,0.004986574313341684,20.71
2024-02-02,0.00641813598743649,20.22
2024-02-05,-0.005230569392475979,20.85
2024-02-06,0.007095934502413374,20.44
2024-02-07,0.0005205836133734395,21.17
2024-02-08,-0.004584960054747557,14.47
2024-02-09,0.0005502063412531347,14.13
2024-02-12,0.0045003094448154675,16.77
2024-02-13,-8.214114591527624e-05,16.91
2024-02-14,0.0011220120767150136,18.41
2024-02-15,0.009202101361588014,21.01
2024-02-16,-0.00029814742255580503,21.19
2024-02-19,0.0012462073567755397,22.73
2024-02-20,5.414771497957774e-05,24.17
2024-02-21,0.002244548449670603,24.08
2024-02-22,0.003263173564821306,25.41
2024-02-26,-0.005182897281646547,24.32
2024-02-27,-0.003470248839763191,22.74
2024-02-28,-0.009852565338246053,20.82
2024-02-29,0.0,20.73
2024-03-01,0.00568867084901219,19.46
2024-03-04,-0.004592179511083341,21.76
2024-03-05,-0.008032171697264267,21.79
2024-03-06,0.0008282031227341788,23.4
2024-03-07,8.278259914495932e-05,23.39
2024-03-11,0.00027589251402716287,24.19
2024-03-12,0.01263670996544439,23.04
2024-03-13,-0.0030281146540903476,25.04
2024-03-14,0.002374163677106498,26.21
2024-03-15,0.012810098124623904,23.8
2024-03-18,-0.010659120506786123,23.69
2024-03-19,0.007910533489399938,24.44
2024-03-20,-0.004299686176304797,24.99
2024-03-21,-0.002034588697787574,21.73
2024-03-22,0.007925064807418895,23.4
2024-03-25,-0.0023196234271434493,23.92
2024-03-26,0.001295336968685058,24.43
2024-03-27,-0.004270161349276683,21.75
2024-03-28,0.0021103332958466534,21.72
2024-03-29,-0.00021623959431210117,21.63
2024-04-01,-0.0036561131601120416,20.3
2024-04-02,0.004709839802063854,20.3
2024-04-03,-0.0029478203434864037,21.64
2024-04-04,-0.0007044352617293199,22.86
2024-04-05,0.0028147685575760652,20.87
2024-04-08,0.002159828053429938,22.61
2024-04-09,0.00323102058144654,20.98
2024-04-10,0.0046397572942615956,22.38
2024-04-11,-0.0017675419706247733,24.67
2024-04-12,0.0017407843279714107,20.64
2024-04-15,0.003419172045655822,21.16
2024-04-16,0.007121250267620456,21.07
2024-04-17,-0.0015899097100817803,21.73
2024-04-18,-0.005211391746618722,20.97
2024-04-19,-0.006713678541351563,19.43
2024-04-22,0.003402594074403344,20.53
2024-04-23,-0.0036710072175222884,20.64
2024-04-24,-0.00952144106724105,21.46
2024-04-25,-0.003339082548072517,20.48
2024-04-26,-0.002368540371952566,18.42
2024-04-27,0.0073594640148506845,19.36
2024-04-29,0.006499571148701374,20.1
2024-04-30,0.0005643568497432193,20.04
2024-05-02,-0.010831942323912354,20.91
2024-05-03,-0.004900635999002289,19.24
2024-05-06,-0.0027603564993058977,20.63
2024-05-07,-0.0026307871904941065,19.76
2024-05-08,0.009204823060045747,19.46
2024-05-10,0.0033115309435155513,14.77
2024-05-13,-0.009830832275560138,13.95
2024-05-14,-0.0006570122604870004,17.75
2024-05-15,-0.00233039626225963,18.3
2024-05-16,-0.001235941326530623,19.57
2024-05-17,-0.00019239490487698893,19.31
2024-05-20,-0.0022014318191711717,19.9
2024-05-21,-0.007327052894400622,19.8
2024-05-22,-0.0003330650340262792,20.4
2024-05-23,-0.0004720321069473077,20.44
2024-05-24,-0.005458407225089365,19.6
2024-05-27,-0.010160350113153022,20.26
2024-05-28,-0.0005079150198077572,20.76
2024-05-29,0.010528629581522524,22.41
2024-05-30,0.0037911566607887713,22.89
2024-05-31,0.0027507276204451927,21.88
2024-06-03,-0.01130113178630303,26.25
2024-06-04,-0.0032323828298648372,25.64
2024-06-05,-0.0003660579820396496,24.55
2024-06-06,0.0008164070101421166,25.23
2024-06-07,0.0056962623332620105,22.27
2024-06-10,-0.00896589713064634,24.05
2024-06-11,0.006220028215684453,25.17
